{"cameraMode":{"drawMode":0,"name":"Shaded","section":"Shading Mode"},"sceneLighting":true,"audioPlay":false,"sceneViewState":{"m_AlwaysRefresh":true,"showFog":true,"showSkybox":true,"showFlares":true,"showImageEffects":true,"showParticleSystems":true,"showVisualEffectGraphs":true,"m_FxEnabled":true},"in2DMode":false,"pivot":{"x":0.14599549770355225,"y":-0.5934720039367676,"z":0.19689178466796876},"rotation":{"x":0.4497627019882202,"y":-0.0013397159054875374,"z":0.0006746553117409349,"w":0.8931472897529602},"size":12.889228820800782,"orthographic":true}